<?xml version="1.0" encoding="UTF-8"?>
<beans xmlns="http://www.springframework.org/schema/beans"
	xmlns:xsi="http://www.w3.org/2001/XMLSchema-instance"
	xsi:schemaLocation="http://www.springframework.org/schema/beans
		http://www.springframework.org/schema/beans/spring-beans.xsd
		http://www.springframework.org/schema/context
		http://www.springframework.org/schema/context/spring-context.xsd
		http://www.springframework.org/schema/tx
		http://www.springframework.org/schema/tx/spring-tx.xsd"
	   xmlns:context="http://www.springframework.org/schema/context"
	xmlns:tx="http://www.springframework.org/schema/tx">
	
	<bean id="x" class="com.sbi.Car" scope="singleton">
		<constructor-arg ref="y"/>
	</bean>
	
	<bean id="y" class="com.sbi.Engine">
		<constructor-arg ref="z"/>
	</bean>
	
	<bean id="z" class="com.sbi.Piston">
	</bean>
	
</beans>	