<?xml version="1.0" encoding="UTF-8"?>
<beans xmlns="http://www.springframework.org/schema/beans"
	xmlns:xsi="http://www.w3.org/2001/XMLSchema-instance"
	xsi:schemaLocation="http://www.springframework.org/schema/beans
		http://www.springframework.org/schema/beans/spring-beans.xsd
		http://www.springframework.org/schema/context
		http://www.springframework.org/schema/context/spring-context.xsd
		http://www.springframework.org/schema/tx
		http://www.springframework.org/schema/tx/spring-tx.xsd"
	   xmlns:context="http://www.springframework.org/schema/context"
	xmlns:tx="http://www.springframework.org/schema/tx">
	
	<bean id="x" class="com.hdfc.Car" autowire="byName">
		
	</bean>
	
	<bean id="engineering" class="com.hdfc.Engine" autowire="byName">
		
	</bean>
	
	<bean id="pistoneering" class="com.hdfc.Piston">
	</bean>
	
	<bean id="dept" class="com.sbi.Department">
		<property name="dataSource" ref="myds"> </property>
	</bean>
	
	<bean id="myds" class="org.springframework.jdbc.datasource.DriverManagerDataSource">
		<property name="driverClassName" value="oracle.jdbc.OracleDriver"/>
		<property name="url" value="jdbc:oracle:thin:@localhost:1521:xe"/>
		<property name="username" value="system"/>
		<property name="password" value="sysgitc"/>
	</bean>
	
</beans>	